{"aAcc": 83.67, "mIoU": 50.86, "mAcc": 61.94, "data_time": 0.015891656875610352, "time": 10.449396243095398}