{"aAcc": 83.0, "mIoU": 48.7, "mAcc": 59.2, "data_time": 0.015716183662414552, "time": 6.344730065345765}