{"aAcc": 83.7, "mIoU": 50.12, "mAcc": 61.25, "data_time": 0.01632461929321289, "time": 6.839232316017151}